{"Test #1": {"Recession": {"SVM": {"C": 0.25, "Gamma": 0.041666666666666664, "Best CV Score": 0.5381931618848675}}, "Recession_within_6mo": {"SVM": {"C": 0.5, "Gamma": 0.041666666666666664, "Best CV Score": 0.31299877638783613}}, "Recession_within_12mo": {"SVM": {"C": 1.0, "Gamma": 0.041666666666666664, "Best CV Score": 0.2822658185041505}}, "Recession_within_24mo": {"SVM": {"C": 7.5, "Gamma": 0.08333333333333333, "Best CV Score": 0.4572776138452592}}}, "Test #2": {"Recession": {"SVM": {"C": 0.25, "Gamma": 0.041666666666666664, "Best CV Score": 0.5064317922197755}}, "Recession_within_6mo": {"SVM": {"C": 0.25, "Gamma": 0.041666666666666664, "Best CV Score": 0.4135525441853631}}, "Recession_within_12mo": {"SVM": {"C": 0.075, "Gamma": 0.041666666666666664, "Best CV Score": 0.4394057201520004}}, "Recession_within_24mo": {"SVM": {"C": 0.1, "Gamma": 0.041666666666666664, "Best CV Score": 0.4475711227502813}}}, "Test #3": {"Recession": {"SVM": {"C": 0.1, "Gamma": 0.041666666666666664, "Best CV Score": 0.5517470322372906}}, "Recession_within_6mo": {"SVM": {"C": 0.25, "Gamma": 0.041666666666666664, "Best CV Score": 0.4488089427138969}}, "Recession_within_12mo": {"SVM": {"C": 0.075, "Gamma": 0.041666666666666664, "Best CV Score": 0.46193374140154053}}, "Recession_within_24mo": {"SVM": {"C": 0.1, "Gamma": 0.041666666666666664, "Best CV Score": 0.45200615556163276}}}, "Test #4": {"Recession": {"SVM": {"C": 0.25, "Gamma": 0.041666666666666664, "Best CV Score": 0.5054364390803052}}, "Recession_within_6mo": {"SVM": {"C": 0.25, "Gamma": 0.041666666666666664, "Best CV Score": 0.46318266457728174}}, "Recession_within_12mo": {"SVM": {"C": 0.075, "Gamma": 0.041666666666666664, "Best CV Score": 0.47143055322730104}}, "Recession_within_24mo": {"SVM": {"C": 0.075, "Gamma": 0.041666666666666664, "Best CV Score": 0.4747336235064547}}}, "Test #5": {"Recession": {"SVM": {"C": 0.25, "Gamma": 0.041666666666666664, "Best CV Score": 0.4190559352277677}}, "Recession_within_6mo": {"SVM": {"C": 0.75, "Gamma": 0.041666666666666664, "Best CV Score": 0.3870850753888772}}, "Recession_within_12mo": {"SVM": {"C": 0.1, "Gamma": 0.041666666666666664, "Best CV Score": 0.41858192564454466}}, "Recession_within_24mo": {"SVM": {"C": 0.075, "Gamma": 0.041666666666666664, "Best CV Score": 0.4610629067700217}}}, "Test #6": {"Recession": {"SVM": {"C": 0.25, "Gamma": 0.041666666666666664, "Best CV Score": 0.42405387601725664}}, "Recession_within_6mo": {"SVM": {"C": 0.75, "Gamma": 0.041666666666666664, "Best CV Score": 0.40972305314428104}}, "Recession_within_12mo": {"SVM": {"C": 0.25, "Gamma": 0.041666666666666664, "Best CV Score": 0.43639589243991667}}, "Recession_within_24mo": {"SVM": {"C": 0.075, "Gamma": 0.041666666666666664, "Best CV Score": 0.4488882916313756}}}}